Tarih,Bolge_Tipi,Nufus,Altyapi_Yasi_Yil,Sebeke_Uzunlugu_km,Ort_Basinc_Bar,Deprem_Hasar_Katsayisi,Net_Tuketilen_Su_m3,Sisteme_Verilen_Su_m3,Kayip_Kacak_Orani_%
2004-01-01,Eski_Merkez,280000,18,800,3.8,1.0,1344000,2174526,38.2
2004-01-01,Hizli_Buyuyen,80000,0,400,4.0,1.0,384000,466718,17.7
2004-01-01,Yeni_Yerlesim,5000,10,30,3.2,1.0,24000,29374,18.3
2004-02-01,Eski_Merkez,280000,18,800,3.8,1.0,1344000,2249224,40.2
2004-02-01,Hizli_Buyuyen,80000,0,400,4.0,1.0,384000,465633,17.5
2004-02-01,Yeni_Yerlesim,5000,10,30,3.2,1.0,24000,28753,16.5
2004-03-01,Eski_Merkez,280000,18,800,3.8,1.0,1344000,2253461,40.4
2004-03-01,Hizli_Buyuyen,80000,0,400,4.0,1.0,384000,477225,19.5
2004-03-01,Yeni_Yerlesim,5000,10,30,3.2,1.0,24000,28592,16.1
2004-04-01,Eski_Merkez,280000,18,800,3.8,1.0,1344000,2177756,38.3
2004-04-01,Hizli_Buyuyen,80000,0,400,4.0,1.0,384000,463058,17.1
2004-04-01,Yeni_Yerlesim,5000,10,30,3.2,1.0,24000,28594,16.1
2004-05-01,Eski_Merkez,280000,18,800,3.8,1.0,1344000,2156746,37.7
2004-05-01,Hizli_Buyuyen,80000,0,400,4.0,1.0,384000,447413,14.2
2004-05-01,Yeni_Yerlesim,5000,10,30,3.2,1.0,24000,27761,13.6
2004-06-01,Eski_Merkez,280000,18,800,3.8,1.0,1764000,2655643,33.6
2004-06-01,Hizli_Buyuyen,80000,0,400,4.0,1.0,504000,582486,13.5
2004-06-01,Yeni_Yerlesim,5000,10,30,3.2,1.0,31500,37114,15.1
2004-07-01,Eski_Merkez,280000,18,800,3.8,1.0,1764000,2628283,32.9
2004-07-01,Hizli_Buyuyen,80000,0,400,4.0,1.0,504000,577156,12.7
2004-07-01,Yeni_Yerlesim,5000,10,30,3.2,1.0,31500,38150,17.4
2004-08-01,Eski_Merkez,280000,18,800,3.8,1.0,1764000,2682826,34.2
2004-08-01,Hizli_Buyuyen,80000,0,400,4.0,1.0,504000,597404,15.6
2004-08-01,Yeni_Yerlesim,5000,10,30,3.2,1.0,31500,35653,11.7
2004-09-01,Eski_Merkez,280000,18,800,3.8,1.0,1764000,2761048,36.1
2004-09-01,Hizli_Buyuyen,80000,0,400,4.0,1.0,504000,616301,18.2
2004-09-01,Yeni_Yerlesim,5000,10,30,3.2,1.0,31500,36927,14.7
2004-10-01,Eski_Merkez,280000,18,800,3.8,1.0,1344000,2166043,38.0
2004-10-01,Hizli_Buyuyen,80000,0,400,4.0,1.0,384000,461531,16.8
2004-10-01,Yeni_Yerlesim,5000,10,30,3.2,1.0,24000,28713,16.4
2004-11-01,Eski_Merkez,280000,18,800,3.8,1.0,1344000,2099888,36.0
2004-11-01,Hizli_Buyuyen,80000,0,400,4.0,1.0,384000,490449,21.7
2004-11-01,Yeni_Yerlesim,5000,10,30,3.2,1.0,24000,28906,17.0
2004-12-01,Eski_Merkez,280000,18,800,3.8,1.0,1344000,2070386,35.1
2004-12-01,Hizli_Buyuyen,80000,0,400,4.0,1.0,384000,477879,19.6
2004-12-01,Yeni_Yerlesim,5000,10,30,3.2,1.0,24000,28089,14.6
2005-01-01,Eski_Merkez,281500,19,802,3.8,1.0,1368090,2214373,38.2
2005-01-01,Hizli_Buyuyen,90000,0,425,4.1,1.0,437400,509675,14.2
2005-01-01,Yeni_Yerlesim,5200,11,31,3.2,1.0,25272,29572,14.5
2005-02-01,Eski_Merkez,281500,19,802,3.8,1.0,1368090,2213513,38.2
2005-02-01,Hizli_Buyuyen,90000,0,425,4.1,1.0,437400,543873,19.6
2005-02-01,Yeni_Yerlesim,5200,11,31,3.2,1.0,25272,30648,17.5
2005-03-01,Eski_Merkez,281500,19,802,3.8,1.0,1368090,2191352,37.6
2005-03-01,Hizli_Buyuyen,90000,0,425,4.1,1.0,437400,530167,17.5
2005-03-01,Yeni_Yerlesim,5200,11,31,3.2,1.0,25272,29469,14.2
2005-04-01,Eski_Merkez,281500,19,802,3.8,1.0,1368090,2149743,36.4
2005-04-01,Hizli_Buyuyen,90000,0,425,4.1,1.0,437400,528125,17.2
2005-04-01,Yeni_Yerlesim,5200,11,31,3.2,1.0,25272,31321,19.3
2005-05-01,Eski_Merkez,281500,19,802,3.8,1.0,1368090,2224075,38.5
2005-05-01,Hizli_Buyuyen,90000,0,425,4.1,1.0,437400,512021,14.6
2005-05-01,Yeni_Yerlesim,5200,11,31,3.2,1.0,25272,30762,17.8
2005-06-01,Eski_Merkez,281500,19,802,3.8,1.0,1790340,2734589,34.5
2005-06-01,Hizli_Buyuyen,90000,0,425,4.1,1.0,572400,667491,14.2
2005-06-01,Yeni_Yerlesim,5200,11,31,3.2,1.0,33071,39335,15.9
2005-07-01,Eski_Merkez,281500,19,802,3.8,1.0,1790340,2858232,37.4
2005-07-01,Hizli_Buyuyen,90000,0,425,4.1,1.0,572400,693503,17.5
2005-07-01,Yeni_Yerlesim,5200,11,31,3.2,1.0,33071,38023,13.0
2005-08-01,Eski_Merkez,281500,19,802,3.8,1.0,1790340,2740941,34.7
2005-08-01,Hizli_Buyuyen,90000,0,425,4.1,1.0,572400,683564,16.3
2005-08-01,Yeni_Yerlesim,5200,11,31,3.2,1.0,33071,39678,16.7
2005-09-01,Eski_Merkez,281500,19,802,3.8,1.0,1790340,2834684,36.8
2005-09-01,Hizli_Buyuyen,90000,0,425,4.1,1.0,572400,695746,17.7
2005-09-01,Yeni_Yerlesim,5200,11,31,3.2,1.0,33071,38902,15.0
2005-10-01,Eski_Merkez,281500,19,802,3.8,1.0,1368090,2118035,35.4
2005-10-01,Hizli_Buyuyen,90000,0,425,4.1,1.0,437400,544877,19.7
2005-10-01,Yeni_Yerlesim,5200,11,31,3.2,1.0,25272,31555,19.9
2005-11-01,Eski_Merkez,281500,19,802,3.8,1.0,1368090,2194420,37.7
2005-11-01,Hizli_Buyuyen,90000,0,425,4.1,1.0,437400,547482,20.1
2005-11-01,Yeni_Yerlesim,5200,11,31,3.2,1.0,25272,30790,17.9
2005-12-01,Eski_Merkez,281500,19,802,3.8,1.0,1368090,2154803,36.5
2005-12-01,Hizli_Buyuyen,90000,0,425,4.1,1.0,437400,538821,18.8
2005-12-01,Yeni_Yerlesim,5200,11,31,3.2,1.0,25272,31699,20.3
2006-01-01,Eski_Merkez,283000,20,804,3.8,1.0,1392360,2257698,38.3
2006-01-01,Hizli_Buyuyen,100000,0,450,4.2,1.0,492000,625391,21.3
2006-01-01,Yeni_Yerlesim,5400,12,32,3.2,1.0,26568,30246,12.2
2006-02-01,Eski_Merkez,283000,20,804,3.8,1.0,1392360,2322295,40.0
2006-02-01,Hizli_Buyuyen,100000,0,450,4.2,1.0,492000,602749,18.4
2006-02-01,Yeni_Yerlesim,5400,12,32,3.2,1.0,26568,31933,16.8
2006-03-01,Eski_Merkez,283000,20,804,3.8,1.0,1392360,2267078,38.6
2006-03-01,Hizli_Buyuyen,100000,0,450,4.2,1.0,492000,573592,14.2
2006-03-01,Yeni_Yerlesim,5400,12,32,3.2,1.0,26568,31994,17.0
2006-04-01,Eski_Merkez,283000,20,804,3.8,1.0,1392360,2286839,39.1
2006-04-01,Hizli_Buyuyen,100000,0,450,4.2,1.0,492000,624015,21.2
2006-04-01,Yeni_Yerlesim,5400,12,32,3.2,1.0,26568,31766,16.4
2006-05-01,Eski_Merkez,283000,20,804,3.8,1.0,1392360,2202509,36.8
2006-05-01,Hizli_Buyuyen,100000,0,450,4.2,1.0,492000,594177,17.2
2006-05-01,Yeni_Yerlesim,5400,12,32,3.2,1.0,26568,32893,19.2
2006-06-01,Eski_Merkez,283000,20,804,3.8,1.0,1816860,2863790,36.6
2006-06-01,Hizli_Buyuyen,100000,0,450,4.2,1.0,642000,752112,14.6
2006-06-01,Yeni_Yerlesim,5400,12,32,3.2,1.0,34668,41235,15.9
2006-07-01,Eski_Merkez,283000,20,804,3.8,1.0,1816860,2843026,36.1
2006-07-01,Hizli_Buyuyen,100000,0,450,4.2,1.0,642000,779478,17.6
2006-07-01,Yeni_Yerlesim,5400,12,32,3.2,1.0,34668,40076,13.5
2006-08-01,Eski_Merkez,283000,20,804,3.8,1.0,1816860,2805730,35.2
2006-08-01,Hizli_Buyuyen,100000,0,450,4.2,1.0,642000,754546,14.9
2006-08-01,Yeni_Yerlesim,5400,12,32,3.2,1.0,34668,39383,12.0
2006-09-01,Eski_Merkez,283000,20,804,3.8,1.0,1816860,2978080,39.0
2006-09-01,Hizli_Buyuyen,100000,0,450,4.2,1.0,642000,789882,18.7
2006-09-01,Yeni_Yerlesim,5400,12,32,3.2,1.0,34668,41976,17.4
2006-10-01,Eski_Merkez,283000,20,804,3.8,1.0,1392360,2243239,37.9
2006-10-01,Hizli_Buyuyen,100000,0,450,4.2,1.0,492000,581349,15.4
2006-10-01,Yeni_Yerlesim,5400,12,32,3.2,1.0,26568,31840,16.6
2006-11-01,Eski_Merkez,283000,20,804,3.8,1.0,1392360,2235450,37.7
2006-11-01,Hizli_Buyuyen,100000,0,450,4.2,1.0,492000,589895,16.6
2006-11-01,Yeni_Yerlesim,5400,12,32,3.2,1.0,26568,32039,17.1
2006-12-01,Eski_Merkez,283000,20,804,3.8,1.0,1392360,2290370,39.2
2006-12-01,Hizli_Buyuyen,100000,0,450,4.2,1.0,492000,630545,22.0
2006-12-01,Yeni_Yerlesim,5400,12,32,3.2,1.0,26568,32301,17.7
2007-01-01,Eski_Merkez,284500,21,806,3.9,1.0,1416810,2342419,39.5
2007-01-01,Hizli_Buyuyen,110000,0,475,4.4,1.0,547800,669282,18.2
2007-01-01,Yeni_Yerlesim,5600,13,33,3.2,1.0,27888,32338,13.8
2007-02-01,Eski_Merkez,284500,21,806,3.9,1.0,1416810,2320622,38.9
2007-02-01,Hizli_Buyuyen,110000,0,475,4.4,1.0,547800,671491,18.4
2007-02-01,Yeni_Yerlesim,5600,13,33,3.2,1.0,27888,35996,22.5
2007-03-01,Eski_Merkez,284500,21,806,3.9,1.0,1416810,2308082,38.6
2007-03-01,Hizli_Buyuyen,110000,0,475,4.4,1.0,547800,675488,18.9
2007-03-01,Yeni_Yerlesim,5600,13,33,3.2,1.0,27888,33816,17.5
2007-04-01,Eski_Merkez,284500,21,806,3.9,1.0,1416810,2236926,36.7
2007-04-01,Hizli_Buyuyen,110000,0,475,4.4,1.0,547800,689799,20.6
2007-04-01,Yeni_Yerlesim,5600,13,33,3.2,1.0,27888,34473,19.1
2007-05-01,Eski_Merkez,284500,21,806,3.9,1.0,1416810,2384482,40.6
2007-05-01,Hizli_Buyuyen,110000,0,475,4.4,1.0,547800,655900,16.5
2007-05-01,Yeni_Yerlesim,5600,13,33,3.2,1.0,27888,35037,20.4
2007-06-01,Eski_Merkez,284500,21,806,3.9,1.0,1843560,2780478,33.7
2007-06-01,Hizli_Buyuyen,110000,0,475,4.4,1.0,712800,858523,17.0
2007-06-01,Yeni_Yerlesim,5600,13,33,3.2,1.0,36288,45067,19.5
2007-07-01,Eski_Merkez,284500,21,806,3.9,1.0,1843560,2815408,34.5
2007-07-01,Hizli_Buyuyen,110000,0,475,4.4,1.0,712800,835319,14.7
2007-07-01,Yeni_Yerlesim,5600,13,33,3.2,1.0,36288,42842,15.3
2007-08-01,Eski_Merkez,284500,21,806,3.9,1.0,1843560,2857924,35.5
2007-08-01,Hizli_Buyuyen,110000,0,475,4.4,1.0,712800,816482,12.7
2007-08-01,Yeni_Yerlesim,5600,13,33,3.2,1.0,36288,42811,15.2
2007-09-01,Eski_Merkez,284500,21,806,3.9,1.0,1843560,2920509,36.9
2007-09-01,Hizli_Buyuyen,110000,0,475,4.4,1.0,712800,882693,19.2
2007-09-01,Yeni_Yerlesim,5600,13,33,3.2,1.0,36288,43077,15.8
2007-10-01,Eski_Merkez,284500,21,806,3.9,1.0,1416810,2446989,42.1
2007-10-01,Hizli_Buyuyen,110000,0,475,4.4,1.0,547800,657887,16.7
2007-10-01,Yeni_Yerlesim,5600,13,33,3.2,1.0,27888,33582,17.0
2007-11-01,Eski_Merkez,284500,21,806,3.9,1.0,1416810,2386288,40.6
2007-11-01,Hizli_Buyuyen,110000,0,475,4.4,1.0,547800,650889,15.8
2007-11-01,Yeni_Yerlesim,5600,13,33,3.2,1.0,27888,34032,18.1
2007-12-01,Eski_Merkez,284500,21,806,3.9,1.0,1416810,2426638,41.6
2007-12-01,Hizli_Buyuyen,110000,0,475,4.4,1.0,547800,645115,15.1
2007-12-01,Yeni_Yerlesim,5600,13,33,3.2,1.0,27888,33997,18.0
2008-01-01,Eski_Merkez,286000,22,808,3.9,1.0,1441440,2407205,40.1
2008-01-01,Hizli_Buyuyen,120000,0,500,4.5,1.0,604800,755656,20.0
2008-01-01,Yeni_Yerlesim,5800,14,34,3.2,1.0,29232,34523,15.3
2008-02-01,Eski_Merkez,286000,22,808,3.9,1.0,1441440,2286515,37.0
2008-02-01,Hizli_Buyuyen,120000,0,500,4.5,1.0,604800,750780,19.4
2008-02-01,Yeni_Yerlesim,5800,14,34,3.2,1.0,29232,35820,18.4
2008-03-01,Eski_Merkez,286000,22,808,3.9,1.0,1441440,2406450,40.1
2008-03-01,Hizli_Buyuyen,120000,0,500,4.5,1.0,604800,747523,19.1
2008-03-01,Yeni_Yerlesim,5800,14,34,3.2,1.0,29232,34983,16.4
2008-04-01,Eski_Merkez,286000,22,808,3.9,1.0,1441440,2404985,40.1
2008-04-01,Hizli_Buyuyen,120000,0,500,4.5,1.0,604800,746538,19.0
2008-04-01,Yeni_Yerlesim,5800,14,34,3.2,1.0,29232,34954,16.4
2008-05-01,Eski_Merkez,286000,22,808,3.9,1.0,1441440,2543637,43.3
2008-05-01,Hizli_Buyuyen,120000,0,500,4.5,1.0,604800,749885,19.3
2008-05-01,Yeni_Yerlesim,5800,14,34,3.2,1.0,29232,34560,15.4
2008-06-01,Eski_Merkez,286000,22,808,3.9,1.0,1870440,3037074,38.4
2008-06-01,Hizli_Buyuyen,120000,0,500,4.5,1.0,784800,912034,14.0
2008-06-01,Yeni_Yerlesim,5800,14,34,3.2,1.0,37932,45632,16.9
2008-07-01,Eski_Merkez,286000,22,808,3.9,1.0,1870440,3087410,39.4
2008-07-01,Hizli_Buyuyen,120000,0,500,4.5,1.0,784800,915310,14.3
2008-07-01,Yeni_Yerlesim,5800,14,34,3.2,1.0,37932,45826,17.2
2008-08-01,Eski_Merkez,286000,22,808,3.9,1.0,1870440,3013220,37.9
2008-08-01,Hizli_Buyuyen,120000,0,500,4.5,1.0,784800,951781,17.5
2008-08-01,Yeni_Yerlesim,5800,14,34,3.2,1.0,37932,46883,19.1
2008-09-01,Eski_Merkez,286000,22,808,3.9,1.0,1870440,3071795,39.1
2008-09-01,Hizli_Buyuyen,120000,0,500,4.5,1.0,784800,944319,16.9
2008-09-01,Yeni_Yerlesim,5800,14,34,3.2,1.0,37932,45168,16.0
2008-10-01,Eski_Merkez,286000,22,808,3.9,1.0,1441440,2323718,38.0
2008-10-01,Hizli_Buyuyen,120000,0,500,4.5,1.0,604800,739778,18.2
2008-10-01,Yeni_Yerlesim,5800,14,34,3.2,1.0,29232,35859,18.5
2008-11-01,Eski_Merkez,286000,22,808,3.9,1.0,1441440,2408557,40.2
2008-11-01,Hizli_Buyuyen,120000,0,500,4.5,1.0,604800,756514,20.1
2008-11-01,Yeni_Yerlesim,5800,14,34,3.2,1.0,29232,35573,17.8
2008-12-01,Eski_Merkez,286000,22,808,3.9,1.0,1441440,2507160,42.5
2008-12-01,Hizli_Buyuyen,120000,0,500,4.5,1.0,604800,736399,17.9
2008-12-01,Yeni_Yerlesim,5800,14,34,3.2,1.0,29232,38082,23.2
2009-01-01,Eski_Merkez,287500,23,810,3.9,1.0,1466250,2504326,41.5
2009-01-01,Hizli_Buyuyen,130000,0,525,4.6,1.0,663000,799620,17.1
2009-01-01,Yeni_Yerlesim,6000,15,35,3.2,1.0,30600,36367,15.9
2009-02-01,Eski_Merkez,287500,23,810,3.9,1.0,1466250,2492136,41.2
2009-02-01,Hizli_Buyuyen,130000,0,525,4.6,1.0,663000,812033,18.4
2009-02-01,Yeni_Yerlesim,6000,15,35,3.2,1.0,30600,37978,19.4
2009-03-01,Eski_Merkez,287500,23,810,3.9,1.0,1466250,2491354,41.1
2009-03-01,Hizli_Buyuyen,130000,0,525,4.6,1.0,663000,815040,18.7
2009-03-01,Yeni_Yerlesim,6000,15,35,3.2,1.0,30600,36561,16.3
2009-04-01,Eski_Merkez,287500,23,810,3.9,1.0,1466250,2333689,37.2
2009-04-01,Hizli_Buyuyen,130000,0,525,4.6,1.0,663000,807620,17.9
2009-04-01,Yeni_Yerlesim,6000,15,35,3.2,1.0,30600,38113,19.7
2009-05-01,Eski_Merkez,287500,23,810,3.9,1.0,1466250,2469606,40.6
2009-05-01,Hizli_Buyuyen,130000,0,525,4.6,1.0,663000,792195,16.3
2009-05-01,Yeni_Yerlesim,6000,15,35,3.2,1.0,30600,37475,18.3
2009-06-01,Eski_Merkez,287500,23,810,3.9,1.0,1897500,3083893,38.5
2009-06-01,Hizli_Buyuyen,130000,0,525,4.6,1.0,858000,1003887,14.5
2009-06-01,Yeni_Yerlesim,6000,15,35,3.2,1.0,39600,47035,15.8
2009-07-01,Eski_Merkez,287500,23,810,3.9,1.0,1897500,3051448,37.8
2009-07-01,Hizli_Buyuyen,130000,0,525,4.6,1.0,858000,997837,14.0
2009-07-01,Yeni_Yerlesim,6000,15,35,3.2,1.0,39600,47264,16.2
2009-08-01,Eski_Merkez,287500,23,810,3.9,1.0,1897500,3101583,38.8
2009-08-01,Hizli_Buyuyen,130000,0,525,4.6,1.0,858000,1052323,18.5
2009-08-01,Yeni_Yerlesim,6000,15,35,3.2,1.0,39600,48062,17.6
2009-09-01,Eski_Merkez,287500,23,810,3.9,1.0,1897500,3033314,37.4
2009-09-01,Hizli_Buyuyen,130000,0,525,4.6,1.0,858000,1032793,16.9
2009-09-01,Yeni_Yerlesim,6000,15,35,3.2,1.0,39600,48907,19.0
2009-10-01,Eski_Merkez,287500,23,810,3.9,1.0,1466250,2494792,41.2
2009-10-01,Hizli_Buyuyen,130000,0,525,4.6,1.0,663000,826993,19.8
2009-10-01,Yeni_Yerlesim,6000,15,35,3.2,1.0,30600,41187,25.7
2009-11-01,Eski_Merkez,287500,23,810,3.9,1.0,1466250,2499649,41.3
2009-11-01,Hizli_Buyuyen,130000,0,525,4.6,1.0,663000,839996,21.1
2009-11-01,Yeni_Yerlesim,6000,15,35,3.2,1.0,30600,38206,19.9
2009-12-01,Eski_Merkez,287500,23,810,3.9,1.0,1466250,2506529,41.5
2009-12-01,Hizli_Buyuyen,130000,0,525,4.6,1.0,663000,810210,18.2
2009-12-01,Yeni_Yerlesim,6000,15,35,3.2,1.0,30600,38020,19.5
2010-01-01,Eski_Merkez,289000,24,812,3.9,1.0,1491239,2454891,39.3
2010-01-01,Hizli_Buyuyen,140000,0,550,4.7,1.0,722399,889505,18.8
2010-01-01,Yeni_Yerlesim,6200,16,36,3.2,1.0,31991,38651,17.2
2010-02-01,Eski_Merkez,289000,24,812,3.9,1.0,1491239,2525973,41.0
2010-02-01,Hizli_Buyuyen,140000,0,550,4.7,1.0,722399,949144,23.9
2010-02-01,Yeni_Yerlesim,6200,16,36,3.2,1.0,31991,37402,14.5
2010-03-01,Eski_Merkez,289000,24,812,3.9,1.0,1491239,2578773,42.2
2010-03-01,Hizli_Buyuyen,140000,0,550,4.7,1.0,722399,860354,16.0
2010-03-01,Yeni_Yerlesim,6200,16,36,3.2,1.0,31991,38663,17.3
2010-04-01,Eski_Merkez,289000,24,812,3.9,1.0,1491239,2615196,43.0
2010-04-01,Hizli_Buyuyen,140000,0,550,4.7,1.0,722399,896150,19.4
2010-04-01,Yeni_Yerlesim,6200,16,36,3.2,1.0,31991,38105,16.0
2010-05-01,Eski_Merkez,289000,24,812,3.9,1.0,1491239,2459549,39.4
2010-05-01,Hizli_Buyuyen,140000,0,550,4.7,1.0,722399,910043,20.6
2010-05-01,Yeni_Yerlesim,6200,16,36,3.2,1.0,31991,38423,16.7
2010-06-01,Eski_Merkez,289000,24,812,3.9,1.0,1924740,3141556,38.7
2010-06-01,Hizli_Buyuyen,140000,0,550,4.7,1.0,932400,1121362,16.9
2010-06-01,Yeni_Yerlesim,6200,16,36,3.2,1.0,41292,48236,14.4
2010-07-01,Eski_Merkez,289000,24,812,3.9,1.0,1924740,3352498,42.6
2010-07-01,Hizli_Buyuyen,140000,0,550,4.7,1.0,932400,1137459,18.0
2010-07-01,Yeni_Yerlesim,6200,16,36,3.2,1.0,41292,46736,11.6
2010-08-01,Eski_Merkez,289000,24,812,3.9,1.0,1924740,3138482,38.7
2010-08-01,Hizli_Buyuyen,140000,0,550,4.7,1.0,932400,1102602,15.4
2010-08-01,Yeni_Yerlesim,6200,16,36,3.2,1.0,41292,49993,17.4
2010-09-01,Eski_Merkez,289000,24,812,3.9,1.0,1924740,3166469,39.2
2010-09-01,Hizli_Buyuyen,140000,0,550,4.7,1.0,932400,1151545,19.0
2010-09-01,Yeni_Yerlesim,6200,16,36,3.2,1.0,41292,51110,19.2
2010-10-01,Eski_Merkez,289000,24,812,3.9,1.0,1491239,2594882,42.5
2010-10-01,Hizli_Buyuyen,140000,0,550,4.7,1.0,722399,868889,16.9
2010-10-01,Yeni_Yerlesim,6200,16,36,3.2,1.0,31991,38792,17.5
2010-11-01,Eski_Merkez,289000,24,812,3.9,1.0,1491239,2479206,39.9
2010-11-01,Hizli_Buyuyen,140000,0,550,4.7,1.0,722399,880474,18.0
2010-11-01,Yeni_Yerlesim,6200,16,36,3.2,1.0,31991,40874,21.7
2010-12-01,Eski_Merkez,289000,24,812,3.9,1.0,1491239,2553928,41.6
2010-12-01,Hizli_Buyuyen,140000,0,550,4.7,1.0,722399,867625,16.7
2010-12-01,Yeni_Yerlesim,6200,16,36,3.2,1.0,31991,40007,20.0
2011-01-01,Eski_Merkez,290500,25,814,3.9,1.0,1516410,2789790,45.6
2011-01-01,Hizli_Buyuyen,150000,1,575,4.8,1.0,783000,1003652,22.0
2011-01-01,Yeni_Yerlesim,6400,17,37,3.2,1.0,33408,39471,15.4
2011-02-01,Eski_Merkez,290500,25,814,3.9,1.0,1516410,2545658,40.4
2011-02-01,Hizli_Buyuyen,150000,1,575,4.8,1.0,783000,1009720,22.5
2011-02-01,Yeni_Yerlesim,6400,17,37,3.2,1.0,33408,40243,17.0
2011-03-01,Eski_Merkez,290500,25,814,3.9,1.0,1516410,2627530,42.3
2011-03-01,Hizli_Buyuyen,150000,1,575,4.8,1.0,783000,997061,21.5
2011-03-01,Yeni_Yerlesim,6400,17,37,3.2,1.0,33408,40031,16.5
2011-04-01,Eski_Merkez,290500,25,814,3.9,1.0,1516410,2582483,41.3
2011-04-01,Hizli_Buyuyen,150000,1,575,4.8,1.0,783000,904548,13.4
2011-04-01,Yeni_Yerlesim,6400,17,37,3.2,1.0,33408,39938,16.4
2011-05-01,Eski_Merkez,290500,25,814,3.9,1.0,1516410,2565614,40.9
2011-05-01,Hizli_Buyuyen,150000,1,575,4.8,1.0,783000,948222,17.4
2011-05-01,Yeni_Yerlesim,6400,17,37,3.2,1.0,33408,42647,21.7
2011-06-01,Eski_Merkez,290500,25,814,3.9,1.0,1952160,3052144,36.0
2011-06-01,Hizli_Buyuyen,150000,1,575,4.8,1.0,1008000,1207762,16.5
2011-06-01,Yeni_Yerlesim,6400,17,37,3.2,1.0,43008,51298,16.2
2011-07-01,Eski_Merkez,290500,25,814,3.9,1.0,1952160,3353221,41.8
2011-07-01,Hizli_Buyuyen,150000,1,575,4.8,1.0,1008000,1179613,14.5
2011-07-01,Yeni_Yerlesim,6400,17,37,3.2,1.0,43008,52593,18.2
2011-08-01,Eski_Merkez,290500,25,814,3.9,1.0,1952160,3196095,38.9
2011-08-01,Hizli_Buyuyen,150000,1,575,4.8,1.0,1008000,1192292,15.5
2011-08-01,Yeni_Yerlesim,6400,17,37,3.2,1.0,43008,51707,16.8
2011-09-01,Eski_Merkez,290500,25,814,3.9,1.0,1952160,3354118,41.8
2011-09-01,Hizli_Buyuyen,150000,1,575,4.8,1.0,1008000,1240150,18.7
2011-09-01,Yeni_Yerlesim,6400,17,37,3.2,1.0,43008,52796,18.5
2011-10-01,Eski_Merkez,290500,25,814,3.9,1.0,1516410,2554141,40.6
2011-10-01,Hizli_Buyuyen,150000,1,575,4.8,1.0,783000,980552,20.1
2011-10-01,Yeni_Yerlesim,6400,17,37,3.2,1.0,33408,41616,19.7
2011-11-01,Eski_Merkez,290500,25,814,3.9,1.0,1516410,2735821,44.6
2011-11-01,Hizli_Buyuyen,150000,1,575,4.8,1.0,783000,948451,17.4
2011-11-01,Yeni_Yerlesim,6400,17,37,3.2,1.0,33408,43199,22.7
2011-12-01,Eski_Merkez,290500,25,814,3.9,1.0,1516410,2426093,37.5
2011-12-01,Hizli_Buyuyen,150000,1,575,4.8,1.0,783000,974079,19.6
2011-12-01,Yeni_Yerlesim,6400,17,37,3.2,1.0,33408,41540,19.6
2012-01-01,Eski_Merkez,292000,26,816,4.0,1.0,1541760,2684215,42.6
2012-01-01,Hizli_Buyuyen,160000,2,600,5.0,1.0,844800,1047289,19.3
2012-01-01,Yeni_Yerlesim,6600,18,38,3.2,1.0,34848,42593,18.2
2012-02-01,Eski_Merkez,292000,26,816,4.0,1.0,1541760,2613772,41.0
2012-02-01,Hizli_Buyuyen,160000,2,600,5.0,1.0,844800,1048155,19.4
2012-02-01,Yeni_Yerlesim,6600,18,38,3.2,1.0,34848,43723,20.3
2012-03-01,Eski_Merkez,292000,26,816,4.0,1.0,1541760,2691339,42.7
2012-03-01,Hizli_Buyuyen,160000,2,600,5.0,1.0,844800,1045469,19.2
2012-03-01,Yeni_Yerlesim,6600,18,38,3.2,1.0,34848,43778,20.4
2012-04-01,Eski_Merkez,292000,26,816,4.0,1.0,1541760,2686676,42.6
2012-04-01,Hizli_Buyuyen,160000,2,600,5.0,1.0,844800,1085941,22.2
2012-04-01,Yeni_Yerlesim,6600,18,38,3.2,1.0,34848,43483,19.9
2012-05-01,Eski_Merkez,292000,26,816,4.0,1.0,1541760,2584331,40.3
2012-05-01,Hizli_Buyuyen,160000,2,600,5.0,1.0,844800,1048915,19.5
2012-05-01,Yeni_Yerlesim,6600,18,38,3.2,1.0,34848,43611,20.1
2012-06-01,Eski_Merkez,292000,26,816,4.0,1.0,1979760,3339717,40.7
2012-06-01,Hizli_Buyuyen,160000,2,600,5.0,1.0,1084800,1323543,18.0
2012-06-01,Yeni_Yerlesim,6600,18,38,3.2,1.0,44748,53484,16.3
2012-07-01,Eski_Merkez,292000,26,816,4.0,1.0,1979760,3416638,42.1
2012-07-01,Hizli_Buyuyen,160000,2,600,5.0,1.0,1084800,1305365,16.9
2012-07-01,Yeni_Yerlesim,6600,18,38,3.2,1.0,44748,54039,17.2
2012-08-01,Eski_Merkez,292000,26,816,4.0,1.0,1979760,3250603,39.1
2012-08-01,Hizli_Buyuyen,160000,2,600,5.0,1.0,1084800,1317218,17.6
2012-08-01,Yeni_Yerlesim,6600,18,38,3.2,1.0,44748,54769,18.3
2012-09-01,Eski_Merkez,292000,26,816,4.0,1.0,1979760,3513379,43.7
2012-09-01,Hizli_Buyuyen,160000,2,600,5.0,1.0,1084800,1394470,22.2
2012-09-01,Yeni_Yerlesim,6600,18,38,3.2,1.0,44748,56794,21.2
2012-10-01,Eski_Merkez,292000,26,816,4.0,1.0,1541760,2660133,42.0
2012-10-01,Hizli_Buyuyen,160000,2,600,5.0,1.0,844800,1082298,21.9
2012-10-01,Yeni_Yerlesim,6600,18,38,3.2,1.0,34848,42486,18.0
2012-11-01,Eski_Merkez,292000,26,816,4.0,1.0,1541760,2688256,42.6
2012-11-01,Hizli_Buyuyen,160000,2,600,5.0,1.0,844800,1060237,20.3
2012-11-01,Yeni_Yerlesim,6600,18,38,3.2,1.0,34848,42913,18.8
2012-12-01,Eski_Merkez,292000,26,816,4.0,1.0,1541760,2713903,43.2
2012-12-01,Hizli_Buyuyen,160000,2,600,5.0,1.0,844800,1042236,18.9
2012-12-01,Yeni_Yerlesim,6600,18,38,3.2,1.0,34848,45130,22.8
2013-01-01,Eski_Merkez,293500,27,818,4.0,1.0,1567290,2638000,40.6
2013-01-01,Hizli_Buyuyen,170000,3,625,5.1,1.0,907800,1118140,18.8
2013-01-01,Yeni_Yerlesim,6800,19,39,3.2,1.0,36311,46032,21.1
2013-02-01,Eski_Merkez,293500,27,818,4.0,1.0,1567290,2807924,44.2
2013-02-01,Hizli_Buyuyen,170000,3,625,5.1,1.0,907800,1171177,22.5
2013-02-01,Yeni_Yerlesim,6800,19,39,3.2,1.0,36311,45422,20.1
2013-03-01,Eski_Merkez,293500,27,818,4.0,1.0,1567290,2729305,42.6
2013-03-01,Hizli_Buyuyen,170000,3,625,5.1,1.0,907800,1126938,19.4
2013-03-01,Yeni_Yerlesim,6800,19,39,3.2,1.0,36311,44802,19.0
2013-04-01,Eski_Merkez,293500,27,818,4.0,1.0,1567290,2667531,41.2
2013-04-01,Hizli_Buyuyen,170000,3,625,5.1,1.0,907800,1181881,23.2
2013-04-01,Yeni_Yerlesim,6800,19,39,3.2,1.0,36311,44557,18.5
2013-05-01,Eski_Merkez,293500,27,818,4.0,1.0,1567290,2654129,40.9
2013-05-01,Hizli_Buyuyen,170000,3,625,5.1,1.0,907800,1143285,20.6
2013-05-01,Yeni_Yerlesim,6800,19,39,3.2,1.0,36311,45178,19.6
2013-06-01,Eski_Merkez,293500,27,818,4.0,1.0,2007540,3289568,39.0
2013-06-01,Hizli_Buyuyen,170000,3,625,5.1,1.0,1162800,1402578,17.1
2013-06-01,Yeni_Yerlesim,6800,19,39,3.2,1.0,46512,55895,16.8
2013-07-01,Eski_Merkez,293500,27,818,4.0,1.0,2007540,3379124,40.6
2013-07-01,Hizli_Buyuyen,170000,3,625,5.1,1.0,1162800,1413328,17.7
2013-07-01,Yeni_Yerlesim,6800,19,39,3.2,1.0,46512,54951,15.4
2013-08-01,Eski_Merkez,293500,27,818,4.0,1.0,2007540,3377655,40.6
2013-08-01,Hizli_Buyuyen,170000,3,625,5.1,1.0,1162800,1381716,15.8
2013-08-01,Yeni_Yerlesim,6800,19,39,3.2,1.0,46512,53761,13.5
2013-09-01,Eski_Merkez,293500,27,818,4.0,1.0,2007540,3412043,41.2
2013-09-01,Hizli_Buyuyen,170000,3,625,5.1,1.0,1162800,1468424,20.8
2013-09-01,Yeni_Yerlesim,6800,19,39,3.2,1.0,46512,57722,19.4
2013-10-01,Eski_Merkez,293500,27,818,4.0,1.0,1567290,2878439,45.6
2013-10-01,Hizli_Buyuyen,170000,3,625,5.1,1.0,907800,1178277,23.0
2013-10-01,Yeni_Yerlesim,6800,19,39,3.2,1.0,36311,44543,18.5
2013-11-01,Eski_Merkez,293500,27,818,4.0,1.0,1567290,2728662,42.6
2013-11-01,Hizli_Buyuyen,170000,3,625,5.1,1.0,907800,1124000,19.2
2013-11-01,Yeni_Yerlesim,6800,19,39,3.2,1.0,36311,44698,18.8
2013-12-01,Eski_Merkez,293500,27,818,4.0,1.0,1567290,2703281,42.0
2013-12-01,Hizli_Buyuyen,170000,3,625,5.1,1.0,907800,1162139,21.9
2013-12-01,Yeni_Yerlesim,6800,19,39,3.2,1.0,36311,43826,17.1
2014-01-01,Eski_Merkez,295000,28,820,4.0,1.0,1593000,2856819,44.2
2014-01-01,Hizli_Buyuyen,180000,4,650,5.2,1.0,972000,1295403,25.0
2014-01-01,Yeni_Yerlesim,7000,20,40,3.2,1.0,37800,46541,18.8
2014-02-01,Eski_Merkez,295000,28,820,4.0,1.0,1593000,2844816,44.0
2014-02-01,Hizli_Buyuyen,180000,4,650,5.2,1.0,972000,1266949,23.3
2014-02-01,Yeni_Yerlesim,7000,20,40,3.2,1.0,37800,46208,18.2
2014-03-01,Eski_Merkez,295000,28,820,4.0,1.0,1593000,2826883,43.6
2014-03-01,Hizli_Buyuyen,180000,4,650,5.2,1.0,972000,1244959,21.9
2014-03-01,Yeni_Yerlesim,7000,20,40,3.2,1.0,37800,46779,19.2
2014-04-01,Eski_Merkez,295000,28,820,4.0,1.0,1593000,2730263,41.7
2014-04-01,Hizli_Buyuyen,180000,4,650,5.2,1.0,972000,1245339,21.9
2014-04-01,Yeni_Yerlesim,7000,20,40,3.2,1.0,37800,47247,20.0
2014-05-01,Eski_Merkez,295000,28,820,4.0,1.0,1593000,2955598,46.1
2014-05-01,Hizli_Buyuyen,180000,4,650,5.2,1.0,972000,1275901,23.8
2014-05-01,Yeni_Yerlesim,7000,20,40,3.2,1.0,37800,49287,23.3
2014-06-01,Eski_Merkez,295000,28,820,4.0,1.0,2035500,3345952,39.2
2014-06-01,Hizli_Buyuyen,180000,4,650,5.2,1.0,1242000,1575035,21.1
2014-06-01,Yeni_Yerlesim,7000,20,40,3.2,1.0,48300,58099,16.9
2014-07-01,Eski_Merkez,295000,28,820,4.0,1.0,2035500,3706273,45.1
2014-07-01,Hizli_Buyuyen,180000,4,650,5.2,1.0,1242000,1510643,17.8
2014-07-01,Yeni_Yerlesim,7000,20,40,3.2,1.0,48300,56703,14.8
2014-08-01,Eski_Merkez,295000,28,820,4.0,1.0,2035500,3364530,39.5
2014-08-01,Hizli_Buyuyen,180000,4,650,5.2,1.0,1242000,1463797,15.2
2014-08-01,Yeni_Yerlesim,7000,20,40,3.2,1.0,48300,57124,15.4
2014-09-01,Eski_Merkez,295000,28,820,4.0,1.0,2035500,3490330,41.7
2014-09-01,Hizli_Buyuyen,180000,4,650,5.2,1.0,1242000,1596417,22.2
2014-09-01,Yeni_Yerlesim,7000,20,40,3.2,1.0,48300,60137,19.7
2014-10-01,Eski_Merkez,295000,28,820,4.0,1.0,1593000,3002960,47.0
2014-10-01,Hizli_Buyuyen,180000,4,650,5.2,1.0,972000,1275604,23.8
2014-10-01,Yeni_Yerlesim,7000,20,40,3.2,1.0,37800,46011,17.8
2014-11-01,Eski_Merkez,295000,28,820,4.0,1.0,1593000,2718577,41.4
2014-11-01,Hizli_Buyuyen,180000,4,650,5.2,1.0,972000,1260436,22.9
2014-11-01,Yeni_Yerlesim,7000,20,40,3.2,1.0,37800,45193,16.4
2014-12-01,Eski_Merkez,295000,28,820,4.0,1.0,1593000,2997906,46.9
2014-12-01,Hizli_Buyuyen,180000,4,650,5.2,1.0,972000,1283318,24.3
2014-12-01,Yeni_Yerlesim,7000,20,40,3.2,1.0,37800,46132,18.1
2015-01-01,Eski_Merkez,296500,29,822,4.0,1.0,1618890,2715061,40.4
2015-01-01,Hizli_Buyuyen,190000,5,675,5.3,1.0,1037400,1388155,25.3
2015-01-01,Yeni_Yerlesim,7200,21,41,3.2,1.0,39311,48515,19.0
2015-02-01,Eski_Merkez,296500,29,822,4.0,1.0,1618890,3013325,46.3
2015-02-01,Hizli_Buyuyen,190000,5,675,5.3,1.0,1037400,1286636,19.4
2015-02-01,Yeni_Yerlesim,7200,21,41,3.2,1.0,39311,47942,18.0
2015-03-01,Eski_Merkez,296500,29,822,4.0,1.0,1618890,2881124,43.8
2015-03-01,Hizli_Buyuyen,190000,5,675,5.3,1.0,1037400,1341245,22.7
2015-03-01,Yeni_Yerlesim,7200,21,41,3.2,1.0,39311,48117,18.3
2015-04-01,Eski_Merkez,296500,29,822,4.0,1.0,1618890,2945884,45.0
2015-04-01,Hizli_Buyuyen,190000,5,675,5.3,1.0,1037400,1303671,20.4
2015-04-01,Yeni_Yerlesim,7200,21,41,3.2,1.0,39311,48482,18.9
2015-05-01,Eski_Merkez,296500,29,822,4.0,1.0,1618890,2892971,44.0
2015-05-01,Hizli_Buyuyen,190000,5,675,5.3,1.0,1037400,1357655,23.6
2015-05-01,Yeni_Yerlesim,7200,21,41,3.2,1.0,39311,49525,20.6
2015-06-01,Eski_Merkez,296500,29,822,4.0,1.0,2063640,3385831,39.1
2015-06-01,Hizli_Buyuyen,190000,5,675,5.3,1.0,1322400,1593095,17.0
2015-06-01,Yeni_Yerlesim,7200,21,41,3.2,1.0,50112,62062,19.3
2015-07-01,Eski_Merkez,296500,29,822,4.0,1.0,2063640,3555831,42.0
2015-07-01,Hizli_Buyuyen,190000,5,675,5.3,1.0,1322400,1623832,18.6
2015-07-01,Yeni_Yerlesim,7200,21,41,3.2,1.0,50112,62485,19.8
2015-08-01,Eski_Merkez,296500,29,822,4.0,1.0,2063640,3529481,41.5
2015-08-01,Hizli_Buyuyen,190000,5,675,5.3,1.0,1322400,1704532,22.4
2015-08-01,Yeni_Yerlesim,7200,21,41,3.2,1.0,50112,60256,16.8
2015-09-01,Eski_Merkez,296500,29,822,4.0,1.0,2063640,3962556,47.9
2015-09-01,Hizli_Buyuyen,190000,5,675,5.3,1.0,1322400,1788735,26.1
2015-09-01,Yeni_Yerlesim,7200,21,41,3.2,1.0,50112,61639,18.7
2015-10-01,Eski_Merkez,296500,29,822,4.0,1.0,1618890,2983751,45.7
2015-10-01,Hizli_Buyuyen,190000,5,675,5.3,1.0,1037400,1362324,23.9
2015-10-01,Yeni_Yerlesim,7200,21,41,3.2,1.0,39311,50359,21.9
2015-11-01,Eski_Merkez,296500,29,822,4.0,1.0,1618890,2784954,41.9
2015-11-01,Hizli_Buyuyen,190000,5,675,5.3,1.0,1037400,1363781,23.9
2015-11-01,Yeni_Yerlesim,7200,21,41,3.2,1.0,39311,49962,21.3
2015-12-01,Eski_Merkez,296500,29,822,4.0,1.0,1618890,2710914,40.3
2015-12-01,Hizli_Buyuyen,190000,5,675,5.3,1.0,1037400,1299893,20.2
2015-12-01,Yeni_Yerlesim,7200,21,41,3.2,1.0,39311,46315,15.1
2016-01-01,Eski_Merkez,298000,30,824,4.0,1.0,1644960,2930165,43.9
2016-01-01,Hizli_Buyuyen,200000,6,700,5.4,1.0,1104000,1465261,24.7
2016-01-01,Yeni_Yerlesim,7400,22,42,3.2,1.0,40848,52642,22.4
2016-02-01,Eski_Merkez,298000,30,824,4.0,1.0,1644960,2966467,44.5
2016-02-01,Hizli_Buyuyen,200000,6,700,5.4,1.0,1104000,1501575,26.5
2016-02-01,Yeni_Yerlesim,7400,22,42,3.2,1.0,40848,49001,16.6
2016-03-01,Eski_Merkez,298000,30,824,4.0,1.0,1644960,2787748,41.0
2016-03-01,Hizli_Buyuyen,200000,6,700,5.4,1.0,1104000,1435796,23.1
2016-03-01,Yeni_Yerlesim,7400,22,42,3.2,1.0,40848,51167,20.2
2016-04-01,Eski_Merkez,298000,30,824,4.0,1.0,1644960,2955085,44.3
2016-04-01,Hizli_Buyuyen,200000,6,700,5.4,1.0,1104000,1364396,19.1
2016-04-01,Yeni_Yerlesim,7400,22,42,3.2,1.0,40848,50568,19.2
2016-05-01,Eski_Merkez,298000,30,824,4.0,1.0,1644960,2825957,41.8
2016-05-01,Hizli_Buyuyen,200000,6,700,5.4,1.0,1104000,1463401,24.6
2016-05-01,Yeni_Yerlesim,7400,22,42,3.2,1.0,40848,51145,20.1
2016-06-01,Eski_Merkez,298000,30,824,4.0,1.0,2091960,3487776,40.0
2016-06-01,Hizli_Buyuyen,200000,6,700,5.4,1.0,1404000,1748274,19.7
2016-06-01,Yeni_Yerlesim,7400,22,42,3.2,1.0,51948,60958,14.8
2016-07-01,Eski_Merkez,298000,30,824,4.0,1.0,2091960,3592867,41.8
2016-07-01,Hizli_Buyuyen,200000,6,700,5.4,1.0,1404000,1814663,22.6
2016-07-01,Yeni_Yerlesim,7400,22,42,3.2,1.0,51948,61063,14.9
2016-08-01,Eski_Merkez,298000,30,824,4.0,1.0,2091960,3664197,42.9
2016-08-01,Hizli_Buyuyen,200000,6,700,5.4,1.0,1404000,1747561,19.7
2016-08-01,Yeni_Yerlesim,7400,22,42,3.2,1.0,51948,61342,15.3
2016-09-01,Eski_Merkez,298000,30,824,4.0,1.0,2091960,3748087,44.2
2016-09-01,Hizli_Buyuyen,200000,6,700,5.4,1.0,1404000,1780585,21.1
2016-09-01,Yeni_Yerlesim,7400,22,42,3.2,1.0,51948,63578,18.3
2016-10-01,Eski_Merkez,298000,30,824,4.0,1.0,1644960,2836345,42.0
2016-10-01,Hizli_Buyuyen,200000,6,700,5.4,1.0,1104000,1515431,27.1
2016-10-01,Yeni_Yerlesim,7400,22,42,3.2,1.0,40848,50724,19.5
2016-11-01,Eski_Merkez,298000,30,824,4.0,1.0,1644960,2885922,43.0
2016-11-01,Hizli_Buyuyen,200000,6,700,5.4,1.0,1104000,1445933,23.6
2016-11-01,Yeni_Yerlesim,7400,22,42,3.2,1.0,40848,50539,19.2
2016-12-01,Eski_Merkez,298000,30,824,4.0,1.0,1644960,2935230,44.0
2016-12-01,Hizli_Buyuyen,200000,6,700,5.4,1.0,1104000,1461251,24.4
2016-12-01,Yeni_Yerlesim,7400,22,42,3.2,1.0,40848,51650,20.9
2017-01-01,Eski_Merkez,299500,31,826,4.1,1.0,1671210,2981056,43.9
2017-01-01,Hizli_Buyuyen,210000,7,725,5.6,1.0,1171800,1516468,22.7
2017-01-01,Yeni_Yerlesim,7600,23,43,3.2,1.0,42408,52387,19.0
2017-02-01,Eski_Merkez,299500,31,826,4.1,1.0,1671210,2803862,40.4
2017-02-01,Hizli_Buyuyen,210000,7,725,5.6,1.0,1171800,1480472,20.8
2017-02-01,Yeni_Yerlesim,7600,23,43,3.2,1.0,42408,54602,22.3
2017-03-01,Eski_Merkez,299500,31,826,4.1,1.0,1671210,3231885,48.3
2017-03-01,Hizli_Buyuyen,210000,7,725,5.6,1.0,1171800,1529404,23.4
2017-03-01,Yeni_Yerlesim,7600,23,43,3.2,1.0,42408,53513,20.8
2017-04-01,Eski_Merkez,299500,31,826,4.1,1.0,1671210,3073348,45.6
2017-04-01,Hizli_Buyuyen,210000,7,725,5.6,1.0,1171800,1674903,30.0
2017-04-01,Yeni_Yerlesim,7600,23,43,3.2,1.0,42408,54257,21.8
2017-05-01,Eski_Merkez,299500,31,826,4.1,1.0,1671210,3024495,44.7
2017-05-01,Hizli_Buyuyen,210000,7,725,5.6,1.0,1171800,1501709,22.0
2017-05-01,Yeni_Yerlesim,7600,23,43,3.2,1.0,42408,50719,16.4
2017-06-01,Eski_Merkez,299500,31,826,4.1,1.0,2120460,3714040,42.9
2017-06-01,Hizli_Buyuyen,210000,7,725,5.6,1.0,1486800,1855422,19.9
2017-06-01,Yeni_Yerlesim,7600,23,43,3.2,1.0,53808,62753,14.3
2017-07-01,Eski_Merkez,299500,31,826,4.1,1.0,2120460,3606644,41.2
2017-07-01,Hizli_Buyuyen,210000,7,725,5.6,1.0,1486800,1840484,19.2
2017-07-01,Yeni_Yerlesim,7600,23,43,3.2,1.0,53808,67661,20.5
2017-08-01,Eski_Merkez,299500,31,826,4.1,1.0,2120460,3804421,44.3
2017-08-01,Hizli_Buyuyen,210000,7,725,5.6,1.0,1486800,1890738,21.4
2017-08-01,Yeni_Yerlesim,7600,23,43,3.2,1.0,53808,67310,20.1
2017-09-01,Eski_Merkez,299500,31,826,4.1,1.0,2120460,3866259,45.2
2017-09-01,Hizli_Buyuyen,210000,7,725,5.6,1.0,1486800,1910008,22.2
2017-09-01,Yeni_Yerlesim,7600,23,43,3.2,1.0,53808,69560,22.6
2017-10-01,Eski_Merkez,299500,31,826,4.1,1.0,1671210,3099299,46.1
2017-10-01,Hizli_Buyuyen,210000,7,725,5.6,1.0,1171800,1498571,21.8
2017-10-01,Yeni_Yerlesim,7600,23,43,3.2,1.0,42408,52497,19.2
2017-11-01,Eski_Merkez,299500,31,826,4.1,1.0,1671210,2944799,43.2
2017-11-01,Hizli_Buyuyen,210000,7,725,5.6,1.0,1171800,1485442,21.1
2017-11-01,Yeni_Yerlesim,7600,23,43,3.2,1.0,42408,53990,21.5
2017-12-01,Eski_Merkez,299500,31,826,4.1,1.0,1671210,3265283,48.8
2017-12-01,Hizli_Buyuyen,210000,7,725,5.6,1.0,1171800,1484848,21.1
2017-12-01,Yeni_Yerlesim,7600,23,43,3.2,1.0,42408,53495,20.7
2018-01-01,Eski_Merkez,300000,32,828,4.1,1.0,1692000,3037631,44.3
2018-01-01,Hizli_Buyuyen,220000,8,750,5.7,1.0,1240800,1623356,23.6
2018-01-01,Yeni_Yerlesim,7800,24,44,3.2,1.0,43992,54054,18.6
2018-02-01,Eski_Merkez,300000,32,828,4.1,1.0,1692000,3014539,43.9
2018-02-01,Hizli_Buyuyen,220000,8,750,5.7,1.0,1240800,1646432,24.6
2018-02-01,Yeni_Yerlesim,7800,24,44,3.2,1.0,43992,53739,18.1
2018-03-01,Eski_Merkez,300000,32,828,4.1,1.0,1692000,3141531,46.1
2018-03-01,Hizli_Buyuyen,220000,8,750,5.7,1.0,1240800,1642128,24.4
2018-03-01,Yeni_Yerlesim,7800,24,44,3.2,1.0,43992,54527,19.3
2018-04-01,Eski_Merkez,300000,32,828,4.1,1.0,1692000,3009865,43.8
2018-04-01,Hizli_Buyuyen,220000,8,750,5.7,1.0,1240800,1619557,23.4
2018-04-01,Yeni_Yerlesim,7800,24,44,3.2,1.0,43992,55906,21.3
2018-05-01,Eski_Merkez,300000,32,828,4.1,1.0,1692000,3168648,46.6
2018-05-01,Hizli_Buyuyen,220000,8,750,5.7,1.0,1240800,1602787,22.6
2018-05-01,Yeni_Yerlesim,7800,24,44,3.2,1.0,43992,54989,20.0
2018-06-01,Eski_Merkez,300000,32,828,4.1,1.0,2142000,3866619,44.6
2018-06-01,Hizli_Buyuyen,220000,8,750,5.7,1.0,1570800,1932131,18.7
2018-06-01,Yeni_Yerlesim,7800,24,44,3.2,1.0,55691,68238,18.4
2018-07-01,Eski_Merkez,300000,32,828,4.1,1.0,2142000,3678816,41.8
2018-07-01,Hizli_Buyuyen,220000,8,750,5.7,1.0,1570800,2044811,23.2
2018-07-01,Yeni_Yerlesim,7800,24,44,3.2,1.0,55691,66121,15.8
2018-08-01,Eski_Merkez,300000,32,828,4.1,1.0,2142000,3539924,39.5
2018-08-01,Hizli_Buyuyen,220000,8,750,5.7,1.0,1570800,1934123,18.8
2018-08-01,Yeni_Yerlesim,7800,24,44,3.2,1.0,55691,67420,17.4
2018-09-01,Eski_Merkez,300000,32,828,4.1,1.0,2142000,3975460,46.1
2018-09-01,Hizli_Buyuyen,220000,8,750,5.7,1.0,1570800,2032907,22.7
2018-09-01,Yeni_Yerlesim,7800,24,44,3.2,1.0,55691,70565,21.1
2018-10-01,Eski_Merkez,300000,32,828,4.1,1.0,1692000,2931238,42.3
2018-10-01,Hizli_Buyuyen,220000,8,750,5.7,1.0,1240800,1641440,24.4
2018-10-01,Yeni_Yerlesim,7800,24,44,3.2,1.0,43992,53244,17.4
2018-11-01,Eski_Merkez,300000,32,828,4.1,1.0,1692000,3037501,44.3
2018-11-01,Hizli_Buyuyen,220000,8,750,5.7,1.0,1240800,1646383,24.6
2018-11-01,Yeni_Yerlesim,7800,24,44,3.2,1.0,43992,53700,18.1
2018-12-01,Eski_Merkez,300000,32,828,4.1,1.0,1692000,3066933,44.8
2018-12-01,Hizli_Buyuyen,220000,8,750,5.7,1.0,1240800,1689371,26.6
2018-12-01,Yeni_Yerlesim,7800,24,44,3.2,1.0,43992,54074,18.6
2019-01-01,Eski_Merkez,298000,33,830,4.1,1.0,1698600,3258479,47.9
2019-01-01,Hizli_Buyuyen,230000,9,775,5.8,1.0,1311000,1701284,22.9
2019-01-01,Yeni_Yerlesim,8000,25,45,3.2,1.0,45600,57765,21.1
2019-02-01,Eski_Merkez,298000,33,830,4.1,1.0,1698600,3336026,49.1
2019-02-01,Hizli_Buyuyen,230000,9,775,5.8,1.0,1311000,1644025,20.3
2019-02-01,Yeni_Yerlesim,8000,25,45,3.2,1.0,45600,55886,18.4
2019-03-01,Eski_Merkez,298000,33,830,4.1,1.0,1698600,3226464,47.4
2019-03-01,Hizli_Buyuyen,230000,9,775,5.8,1.0,1311000,1743209,24.8
2019-03-01,Yeni_Yerlesim,8000,25,45,3.2,1.0,45600,57533,20.7
2019-04-01,Eski_Merkez,298000,33,830,4.1,1.0,1698600,3087916,45.0
2019-04-01,Hizli_Buyuyen,230000,9,775,5.8,1.0,1311000,1756741,25.4
2019-04-01,Yeni_Yerlesim,8000,25,45,3.2,1.0,45600,56779,19.7
2019-05-01,Eski_Merkez,298000,33,830,4.1,1.0,1698600,3300531,48.5
2019-05-01,Hizli_Buyuyen,230000,9,775,5.8,1.0,1311000,1764678,25.7
2019-05-01,Yeni_Yerlesim,8000,25,45,3.2,1.0,45600,57485,20.7
2019-06-01,Eski_Merkez,298000,33,830,4.1,1.0,2145600,3756055,42.9
2019-06-01,Hizli_Buyuyen,230000,9,775,5.8,1.0,1656000,2115612,21.7
2019-06-01,Yeni_Yerlesim,8000,25,45,3.2,1.0,57600,69093,16.6
2019-07-01,Eski_Merkez,298000,33,830,4.1,1.0,2145600,3865173,44.5
2019-07-01,Hizli_Buyuyen,230000,9,775,5.8,1.0,1656000,2119219,21.9
2019-07-01,Yeni_Yerlesim,8000,25,45,3.2,1.0,57600,70312,18.1
2019-08-01,Eski_Merkez,298000,33,830,4.1,1.0,2145600,4114348,47.9
2019-08-01,Hizli_Buyuyen,230000,9,775,5.8,1.0,1656000,2191701,24.4
2019-08-01,Yeni_Yerlesim,8000,25,45,3.2,1.0,57600,69270,16.8
2019-09-01,Eski_Merkez,298000,33,830,4.1,1.0,2145600,4174516,48.6
2019-09-01,Hizli_Buyuyen,230000,9,775,5.8,1.0,1656000,2190008,24.4
2019-09-01,Yeni_Yerlesim,8000,25,45,3.2,1.0,57600,68509,15.9
2019-10-01,Eski_Merkez,298000,33,830,4.1,1.0,1698600,3043204,44.2
2019-10-01,Hizli_Buyuyen,230000,9,775,5.8,1.0,1311000,1669179,21.5
2019-10-01,Yeni_Yerlesim,8000,25,45,3.2,1.0,45600,56503,19.3
2019-11-01,Eski_Merkez,298000,33,830,4.1,1.0,1698600,3159412,46.2
2019-11-01,Hizli_Buyuyen,230000,9,775,5.8,1.0,1311000,1834923,28.6
2019-11-01,Yeni_Yerlesim,8000,25,45,3.2,1.0,45600,57469,20.7
2019-12-01,Eski_Merkez,298000,33,830,4.1,1.0,1698600,3131741,45.8
2019-12-01,Hizli_Buyuyen,230000,9,775,5.8,1.0,1311000,1792423,26.9
2019-12-01,Yeni_Yerlesim,8000,25,45,3.2,1.0,45600,54014,15.6
2020-01-01,Eski_Merkez,296000,34,832,4.1,1.0,1704960,3233452,47.3
2020-01-01,Hizli_Buyuyen,240000,10,800,5.9,1.0,1382400,1904177,27.4
2020-01-01,Yeni_Yerlesim,8200,26,46,3.2,1.0,47232,57072,17.2
2020-02-01,Eski_Merkez,296000,34,832,4.1,1.0,1704960,3348804,49.1
2020-02-01,Hizli_Buyuyen,240000,10,800,5.9,1.0,1382400,1881763,26.5
2020-02-01,Yeni_Yerlesim,8200,26,46,3.2,1.0,47232,58578,19.4
2020-03-01,Eski_Merkez,296000,34,832,4.1,1.0,1704960,3282908,48.1
2020-03-01,Hizli_Buyuyen,240000,10,800,5.9,1.0,1382400,1986246,30.4
2020-03-01,Yeni_Yerlesim,8200,26,46,3.2,1.0,47232,59458,20.6
2020-04-01,Eski_Merkez,296000,34,832,4.1,1.0,1704960,3234999,47.3
2020-04-01,Hizli_Buyuyen,240000,10,800,5.9,1.0,1382400,1841757,24.9
2020-04-01,Yeni_Yerlesim,8200,26,46,3.2,1.0,47232,57953,18.5
2020-05-01,Eski_Merkez,296000,34,832,4.1,1.0,1704960,3308075,48.5
2020-05-01,Hizli_Buyuyen,240000,10,800,5.9,1.0,1382400,1822492,24.1
2020-05-01,Yeni_Yerlesim,8200,26,46,3.2,1.0,47232,59294,20.3
2020-06-01,Eski_Merkez,296000,34,832,4.1,1.0,2148960,3793042,43.3
2020-06-01,Hizli_Buyuyen,240000,10,800,5.9,1.0,1742400,2302263,24.3
2020-06-01,Yeni_Yerlesim,8200,26,46,3.2,1.0,59531,72926,18.4
2020-07-01,Eski_Merkez,296000,34,832,4.1,1.0,2148960,4007390,46.4
2020-07-01,Hizli_Buyuyen,240000,10,800,5.9,1.0,1742400,2243625,22.3
2020-07-01,Yeni_Yerlesim,8200,26,46,3.2,1.0,59531,71864,17.2
2020-08-01,Eski_Merkez,296000,34,832,4.1,1.0,2148960,3727110,42.3
2020-08-01,Hizli_Buyuyen,240000,10,800,5.9,1.0,1742400,2247429,22.5
2020-08-01,Yeni_Yerlesim,8200,26,46,3.2,1.0,59531,73004,18.5
2020-09-01,Eski_Merkez,296000,34,832,4.1,1.0,2148960,4157719,48.3
2020-09-01,Hizli_Buyuyen,240000,10,800,5.9,1.0,1742400,2293104,24.0
2020-09-01,Yeni_Yerlesim,8200,26,46,3.2,1.0,59531,76263,21.9
2020-10-01,Eski_Merkez,296000,34,832,4.1,1.0,1704960,3376912,49.5
2020-10-01,Hizli_Buyuyen,240000,10,800,5.9,1.0,1382400,1885610,26.7
2020-10-01,Yeni_Yerlesim,8200,26,46,3.2,1.0,47232,62109,24.0
2020-11-01,Eski_Merkez,296000,34,832,4.1,1.0,1704960,3114219,45.3
2020-11-01,Hizli_Buyuyen,240000,10,800,5.9,1.0,1382400,1804009,23.4
2020-11-01,Yeni_Yerlesim,8200,26,46,3.2,1.0,47232,56662,16.6
2020-12-01,Eski_Merkez,296000,34,832,4.1,1.0,1704960,3395799,49.8
2020-12-01,Hizli_Buyuyen,240000,10,800,5.9,1.0,1382400,1898085,27.2
2020-12-01,Yeni_Yerlesim,8200,26,46,3.2,1.0,47232,59105,20.1
2021-01-01,Eski_Merkez,294000,35,834,4.1,1.0,1711080,3288005,48.0
2021-01-01,Hizli_Buyuyen,250000,11,825,6.0,1.0,1455000,1921274,24.3
2021-01-01,Yeni_Yerlesim,8400,27,47,3.2,1.0,48888,65438,25.3
2021-02-01,Eski_Merkez,294000,35,834,4.1,1.0,1711080,3269065,47.7
2021-02-01,Hizli_Buyuyen,250000,11,825,6.0,1.0,1455000,1986044,26.7
2021-02-01,Yeni_Yerlesim,8400,27,47,3.2,1.0,48888,62557,21.9
2021-03-01,Eski_Merkez,294000,35,834,4.1,1.0,1711080,3313607,48.4
2021-03-01,Hizli_Buyuyen,250000,11,825,6.0,1.0,1455000,1992271,27.0
2021-03-01,Yeni_Yerlesim,8400,27,47,3.2,1.0,48888,60221,18.8
2021-04-01,Eski_Merkez,294000,35,834,4.1,1.0,1711080,3312383,48.3
2021-04-01,Hizli_Buyuyen,250000,11,825,6.0,1.0,1455000,2087040,30.3
2021-04-01,Yeni_Yerlesim,8400,27,47,3.2,1.0,48888,63565,23.1
2021-05-01,Eski_Merkez,294000,35,834,4.1,1.0,1711080,3462769,50.6
2021-05-01,Hizli_Buyuyen,250000,11,825,6.0,1.0,1455000,1952956,25.5
2021-05-01,Yeni_Yerlesim,8400,27,47,3.2,1.0,48888,59927,18.4
2021-06-01,Eski_Merkez,294000,35,834,4.1,1.0,2152080,3888019,44.6
2021-06-01,Hizli_Buyuyen,250000,11,825,6.0,1.0,1830000,2412066,24.1
2021-06-01,Yeni_Yerlesim,8400,27,47,3.2,1.0,61488,76945,20.1
2021-07-01,Eski_Merkez,294000,35,834,4.1,1.0,2152080,3679717,41.5
2021-07-01,Hizli_Buyuyen,250000,11,825,6.0,1.0,1830000,2509568,27.1
2021-07-01,Yeni_Yerlesim,8400,27,47,3.2,1.0,61488,74606,17.6
2021-08-01,Eski_Merkez,294000,35,834,4.1,1.0,2152080,3846175,44.0
2021-08-01,Hizli_Buyuyen,250000,11,825,6.0,1.0,1830000,2346027,22.0
2021-08-01,Yeni_Yerlesim,8400,27,47,3.2,1.0,61488,71991,14.6
2021-09-01,Eski_Merkez,294000,35,834,4.1,1.0,2152080,4223602,49.0
2021-09-01,Hizli_Buyuyen,250000,11,825,6.0,1.0,1830000,2495453,26.7
2021-09-01,Yeni_Yerlesim,8400,27,47,3.2,1.0,61488,74821,17.8
2021-10-01,Eski_Merkez,294000,35,834,4.1,1.0,1711080,3100335,44.8
2021-10-01,Hizli_Buyuyen,250000,11,825,6.0,1.0,1455000,1962197,25.8
2021-10-01,Yeni_Yerlesim,8400,27,47,3.2,1.0,48888,64105,23.7
2021-11-01,Eski_Merkez,294000,35,834,4.1,1.0,1711080,3221209,46.9
2021-11-01,Hizli_Buyuyen,250000,11,825,6.0,1.0,1455000,1902301,23.5
2021-11-01,Yeni_Yerlesim,8400,27,47,3.2,1.0,48888,61040,19.9
2021-12-01,Eski_Merkez,294000,35,834,4.1,1.0,1711080,3219617,46.9
2021-12-01,Hizli_Buyuyen,250000,11,825,6.0,1.0,1455000,1844719,21.1
2021-12-01,Yeni_Yerlesim,8400,27,47,3.2,1.0,48888,61333,20.3
2022-01-01,Eski_Merkez,292000,36,836,4.2,1.0,1716960,3272777,47.5
2022-01-01,Hizli_Buyuyen,260000,12,850,6.2,1.0,1528800,2140349,28.6
2022-01-01,Yeni_Yerlesim,8600,28,48,3.2,1.0,50568,66798,24.3
2022-02-01,Eski_Merkez,292000,36,836,4.2,1.0,1716960,3451393,50.3
2022-02-01,Hizli_Buyuyen,260000,12,850,6.2,1.0,1528800,2084032,26.6
2022-02-01,Yeni_Yerlesim,8600,28,48,3.2,1.0,50568,61960,18.4
2022-03-01,Eski_Merkez,292000,36,836,4.2,1.0,1716960,3664545,53.1
2022-03-01,Hizli_Buyuyen,260000,12,850,6.2,1.0,1528800,2102843,27.3
2022-03-01,Yeni_Yerlesim,8600,28,48,3.2,1.0,50568,63710,20.6
2022-04-01,Eski_Merkez,292000,36,836,4.2,1.0,1716960,3298785,48.0
2022-04-01,Hizli_Buyuyen,260000,12,850,6.2,1.0,1528800,2110907,27.6
2022-04-01,Yeni_Yerlesim,8600,28,48,3.2,1.0,50568,63456,20.3
2022-05-01,Eski_Merkez,292000,36,836,4.2,1.0,1716960,3230567,46.9
2022-05-01,Hizli_Buyuyen,260000,12,850,6.2,1.0,1528800,2068357,26.1
2022-05-01,Yeni_Yerlesim,8600,28,48,3.2,1.0,50568,63635,20.5
2022-06-01,Eski_Merkez,292000,36,836,4.2,1.0,2154960,3876744,44.4
2022-06-01,Hizli_Buyuyen,260000,12,850,6.2,1.0,1918800,2500205,23.3
2022-06-01,Yeni_Yerlesim,8600,28,48,3.2,1.0,63468,77696,18.3
2022-07-01,Eski_Merkez,292000,36,836,4.2,1.0,2154960,3917400,45.0
2022-07-01,Hizli_Buyuyen,260000,12,850,6.2,1.0,1918800,2653500,27.7
2022-07-01,Yeni_Yerlesim,8600,28,48,3.2,1.0,63468,72782,12.8
2022-08-01,Eski_Merkez,292000,36,836,4.2,1.0,2154960,4119044,47.7
2022-08-01,Hizli_Buyuyen,260000,12,850,6.2,1.0,1918800,2634707,27.2
2022-08-01,Yeni_Yerlesim,8600,28,48,3.2,1.0,63468,73759,14.0
2022-09-01,Eski_Merkez,292000,36,836,4.2,1.0,2154960,4090243,47.3
2022-09-01,Hizli_Buyuyen,260000,12,850,6.2,1.0,1918800,2608380,26.4
2022-09-01,Yeni_Yerlesim,8600,28,48,3.2,1.0,63468,77197,17.8
2022-10-01,Eski_Merkez,292000,36,836,4.2,1.0,1716960,3205937,46.4
2022-10-01,Hizli_Buyuyen,260000,12,850,6.2,1.0,1528800,2037282,25.0
2022-10-01,Yeni_Yerlesim,8600,28,48,3.2,1.0,50568,66628,24.1
2022-11-01,Eski_Merkez,292000,36,836,4.2,1.0,1716960,3425107,49.9
2022-11-01,Hizli_Buyuyen,260000,12,850,6.2,1.0,1528800,2175395,29.7
2022-11-01,Yeni_Yerlesim,8600,28,48,3.2,1.0,50568,64866,22.0
2022-12-01,Eski_Merkez,292000,36,836,4.2,1.0,1716960,3164430,45.7
2022-12-01,Hizli_Buyuyen,260000,12,850,6.2,1.0,1528800,2069608,26.1
2022-12-01,Yeni_Yerlesim,8600,28,48,3.2,1.0,50568,64482,21.6
2023-01-01,Eski_Merkez,290000,37,838,4.2,1.0,1722600,3199227,46.2
2023-01-01,Hizli_Buyuyen,270000,13,875,6.3,1.0,1603800,2267367,29.3
2023-01-01,Yeni_Yerlesim,8800,29,49,3.2,1.0,52272,65601,20.3
2023-02-01,Eski_Merkez,217500,37,838,4.2,1.35,1291950,3676616,64.9
2023-02-01,Hizli_Buyuyen,216000,13,875,6.3,1.2,1283040,1968756,34.8
2023-02-01,Yeni_Yerlesim,37000,1,130,3.8,1.0,219780,241751,9.1
2023-03-01,Eski_Merkez,217500,37,838,4.2,1.35,1291950,3679518,64.9
2023-03-01,Hizli_Buyuyen,216000,13,875,6.3,1.2,1283040,1996224,35.7
2023-03-01,Yeni_Yerlesim,38000,1,135,3.8,1.0,225720,240224,6.0
2023-04-01,Eski_Merkez,217500,37,838,4.2,1.35,1291950,3896329,66.8
2023-04-01,Hizli_Buyuyen,216000,13,875,6.3,1.2,1283040,1961660,34.6
2023-04-01,Yeni_Yerlesim,39000,1,140,3.8,1.0,231660,250662,7.6
2023-05-01,Eski_Merkez,217500,37,838,4.2,1.35,1291950,3829391,66.3
2023-05-01,Hizli_Buyuyen,216000,13,875,6.3,1.2,1283040,1856942,30.9
2023-05-01,Yeni_Yerlesim,40000,1,145,3.8,1.0,237600,264141,10.0
2023-06-01,Eski_Merkez,217500,37,838,4.2,1.35,1618200,4343017,62.7
2023-06-01,Hizli_Buyuyen,216000,13,875,6.3,1.2,1607040,2291272,29.9
2023-06-01,Yeni_Yerlesim,41000,1,150,3.8,1.0,305040,330838,7.8
2023-07-01,Eski_Merkez,217500,37,838,4.2,1.35,1618200,4225210,61.7
2023-07-01,Hizli_Buyuyen,216000,13,875,6.3,1.2,1607040,2234826,28.1
2023-07-01,Yeni_Yerlesim,42000,1,155,3.8,1.0,312480,328926,5.0
2023-08-01,Eski_Merkez,217500,37,838,4.2,1.35,1618200,4535570,64.3
2023-08-01,Hizli_Buyuyen,216000,13,875,6.3,1.2,1607040,2242813,28.3
2023-08-01,Yeni_Yerlesim,43000,1,160,3.8,1.0,319920,352372,9.2
2023-09-01,Eski_Merkez,217500,37,838,4.2,1.35,1618200,4197245,61.4
2023-09-01,Hizli_Buyuyen,216000,13,875,6.3,1.2,1607040,2542821,36.8
2023-09-01,Yeni_Yerlesim,44000,1,165,3.8,1.0,327360,358248,8.6
2023-10-01,Eski_Merkez,217500,37,838,4.2,1.35,1291950,3735749,65.4
2023-10-01,Hizli_Buyuyen,216000,13,875,6.3,1.2,1283040,1895693,32.3
2023-10-01,Yeni_Yerlesim,45000,1,170,3.8,1.0,267300,293730,9.0
2023-11-01,Eski_Merkez,217500,37,838,4.2,1.35,1291950,3748556,65.5
2023-11-01,Hizli_Buyuyen,216000,13,875,6.3,1.2,1283040,1992750,35.6
2023-11-01,Yeni_Yerlesim,46000,1,175,3.8,1.0,273240,298389,8.4
2023-12-01,Eski_Merkez,217500,37,838,4.2,1.35,1291950,3789888,65.9
2023-12-01,Hizli_Buyuyen,216000,13,875,6.3,1.2,1283040,1905904,32.7
2023-12-01,Yeni_Yerlesim,47000,1,180,3.8,1.0,279180,303740,8.1
